business_id,service_id,source_id,raw_row_ref
1,100,SID1,OFFER001
1,113,SID1,OFFER002
1,116,SID1,OFFER003
2,101,SID2,OFFER004
2,114,SID2,OFFER005
2,113,SID2,OFFER006
3,102,SID3,OFFER007
3,115,SID3,OFFER008
3,127,SID3,OFFER009
3,137,SID3,OFFER010
4,103,SID4,OFFER011
4,116,SID4,OFFER012
4,128,SID4,OFFER013
5,104,SID5,OFFER014
5,138,SID5,OFFER015
6,118,SID6,OFFER016
6,123,SID6,OFFER017
6,130,SID6,OFFER018
7,106,SID7,OFFER019
7,114,SID7,OFFER020
7,113,SID7,OFFER021
8,131,SID8,OFFER022
8,107,SID8,OFFER023
8,115,SID8,OFFER024
8,137,SID8,OFFER025
9,108,SID9,OFFER026
9,124,SID9,OFFER027
9,138,SID9,OFFER028
10,122,SID10,OFFER029
10,109,SID10,OFFER030
11,123,SID11,OFFER031
11,110,SID11,OFFER032
12,111,SID12,OFFER033
13,111,SID13,OFFER034
13,117,SID13,OFFER035
13,135,SID13,OFFER036
14,104,SID14,OFFER037
14,117,SID14,OFFER038
14,125,SID14,OFFER039
14,134,SID14,OFFER040
14,135,SID14,OFFER041
15,104,SID15,OFFER042
15,117,SID15,OFFER043
15,125,SID15,OFFER044
15,134,SID15,OFFER045
15,135,SID15,OFFER046
