source_id,publisher,page_title,url,collection_date,raw_file_path
SID1,Moberly Area Community College,Moberly Area Community College,https://www.macc.edu/,2026-09-27,data/raw/raw-data.csv
SID2,A.T. Still University,A.T. Still University,http://www.atsu.edu/,2026-09-27,data/raw/raw-data.csv
SID3,Complete Family Medicine,Complete Family Medicine,http://cfmcares.com/,2026-09-27,data/raw/raw-data.csv
SID4,Kirksville R-III School District,Kirksville R-III School District,http://www.kirksville.k12.mo.us/,2026-09-27,data/raw/raw-data.csv
SID5,Bank Midwest,Bank Midwest,https://www.bankmw.com/,2026-09-27,data/raw/raw-data.csv
SID6,Northeast Power Electric Cooperative,Northeast Power Electric Cooperative,http://www.northeast-power.coop/,2026-09-27,data/raw/raw-data.csv
SID7,Truman State University,Truman State University,http://www.truman.edu/,2026-09-27,data/raw/raw-data.csv
SID8,Adair County Ambulance District,Adair County Ambulance District,http://www.academs.us/,2026-09-27,data/raw/raw-data.csv
SID9,Century 21 Lifetime Agency,Century 21 Lifetime Agency,http://www.c21kirksville.com/,2026-09-27,data/raw/raw-data.csv
SID10,Gardner Collier Jewelry,Gardner Collier Jewelry,https://gardner-collier.com/,2026-09-27,data/raw/raw-data.csv
SID11,Liberty Utilities,Liberty Utilities,http://www.libertyutilities.com/,2026-09-27,data/raw/raw-data.csv
SID12,Kirksville Tourism,Kirksville Tourism,http://www.visitkirksville.com/,2026-09-27,data/raw/raw-data.csv
SID13,Pickell Abstract,Pickell Abstract,https://pickellabstractcompany.com/,2026-09-27,data/raw/raw-data.csv
SID14,Alliant Bank,Alliant Bank,http://www.alliantbank.com/,2026-09-27,data/raw/raw-data.csv
SID15,US Bank,US Bank,https://www.usbank.com/index.html,2026-09-27,data/raw/raw-data.csv
